{
  "editorVersion": "6.3.43",
  "docType": "5",
  "title": "M5StickCAMASCII.SchDoc",
  "description": "",
  "colors": {},
  "schematics": [
    {
      "docType": "1",
      "title": "M5StickCAMASCII.SchDoc",
      "description": "",
      "dataStr": "{\"head\":{\"docType\":\"1\",\"editorVersion\":\"6.3.43\",\"importedFrom\":\"Altium\",\"uuid\":\"sheet_9442247409685403\",\"x\":\"45\",\"y\":\"visible\",\"importFlag\":0,\"c_para\":{},\"transformList\":\"\",\"hasIdFlag\":true,\"c_spiceCmd\":null,\"newgId\":true},\"canvas\":\"CA~1000~1000~#FFFFFF~yes~#CCCCCC~5~1000~1000~line~5~pixel~5~0~0\",\"shape\":[\"T~L~929~-21~0~#000080~Times New Roman~6.5pt~5~~text-after-edge~comment~=sheetnumber~1~start~rep2~0~pinpart\",\"T~L~825~-34~0~#000080~Times New Roman~6.5pt~5~~text-after-edge~comment~=author~1~start~rep3~0~pinpart\",\"T~L~796~-45~0~#800000~Times New Roman~10.1pt~5~~text-after-edge~comment~=title~1~start~rep4~0~pinpart\",\"T~L~825~-21~0~#000080~Times New Roman~6.5pt~5~~text-after-edge~comment~=CurrentDate~1~start~rep5~0~pinpart\",\"PL~1130 -62 793 -62 793 -62 793 -20~#000000~1~0~none~rep6~0\",\"PL~793 -45 970 -45~#000000~1~0~none~rep7~0\",\"PL~898 -45 898 -20~#000000~1~0~none~rep8~0\",\"T~L~795~-21~0~#000000~Times New Roman~6.5pt~5~~text-after-edge~comment~Date:~1~start~rep9~0~pinpart\",\"T~L~904~-34~0~#000000~Times New Roman~6.5pt~5~~text-after-edge~comment~Revision:~1~start~rep10~0~pinpart\",\"T~L~904~-21~0~#000000~Times New Roman~6.5pt~5~~text-after-edge~comment~Sheet~1~start~rep11~0~pinpart\",\"T~L~938~-21~0~#000000~Times New Roman~6.5pt~5~~text-after-edge~comment~of~1~start~rep12~0~pinpart\",\"PL~970 -62 970 -20~#000000~1~0~none~rep13~0\",\"PL~793 -32 970 -32~#000000~1~0~none~rep14~0\",\"T~L~795~-34~0~#000000~Times New Roman~6.5pt~5~~text-after-edge~comment~Author:~1~start~rep15~0~pinpart\",\"T~L~952~-21~0~#000080~Times New Roman~6.5pt~5~~text-after-edge~comment~=sheettotal~1~start~rep16~0~pinpart\",\"T~L~942~-34~0~#000080~Times New Roman~6.5pt~5~~text-after-edge~comment~=revision~1~start~rep17~0~pinpart\",\"F~part_netLabel_power_ground~450~-320~0~rep23~~0^^450~-320^^GND~#800000~450~-292.8~0~middle~1~Times New Roman~6.5pt~flag_gge15^^PL~450 -320 450 -310~#800000~1~0~none~rep18~0^^PL~460 -310 440 -310~#800000~1~0~none~rep19~0^^PL~457 -307 443 -307~#800000~1~0~none~rep20~0^^PL~454 -304 446 -304~#800000~1~0~none~rep21~0^^PL~451 -301 449 -301~#800000~1~0~none~rep22~0\",\"O~500~-380~rep24~M 496 -376 L 504 -384 M 504 -376 L 496 -384~#FF0000~0\",\"O~500~-440~rep25~M 496 -436 L 504 -444 M 504 -436 L 496 -444~#FF0000~0\",\"O~650~-440~rep26~M 646 -436 L 654 -444 M 654 -436 L 646 -444~#FF0000~0\",\"O~650~-380~rep27~M 646 -376 L 654 -384 M 654 -376 L 646 -384~#FF0000~0\",\"O~650~-410~rep28~M 646 -406 L 654 -414 M 654 -406 L 646 -414~#FF0000~0\",\"F~part_netLabel_power_ground~720~-320~0~rep34~~0^^720~-320^^GND~#800000~720~-292.8~0~middle~1~Times New Roman~6.5pt~flag_gge16^^PL~720 -320 720 -310~#800000~1~0~none~rep29~0^^PL~730 -310 710 -310~#800000~1~0~none~rep30~0^^PL~727 -307 713 -307~#800000~1~0~none~rep31~0^^PL~724 -304 716 -304~#800000~1~0~none~rep32~0^^PL~721 -301 719 -301~#800000~1~0~none~rep33~0\",\"F~part_netLabel_power_ground~770~-320~0~rep40~~0^^770~-320^^GND~#800000~770~-292.8~0~middle~1~Times New Roman~6.5pt~flag_gge17^^PL~770 -320 770 -310~#800000~1~0~none~rep35~0^^PL~780 -310 760 -310~#800000~1~0~none~rep36~0^^PL~777 -307 763 -307~#800000~1~0~none~rep37~0^^PL~774 -304 766 -304~#800000~1~0~none~rep38~0^^PL~771 -301 769 -301~#800000~1~0~none~rep39~0\",\"F~part_netLabel_power_ground~680~-320~0~rep46~~0^^680~-320^^GND~#800000~680~-292.8~0~middle~1~Times New Roman~6.5pt~flag_gge18^^PL~680 -320 680 -310~#800000~1~0~none~rep41~0^^PL~690 -310 670 -310~#800000~1~0~none~rep42~0^^PL~687 -307 673 -307~#800000~1~0~none~rep43~0^^PL~684 -304 676 -304~#800000~1~0~none~rep44~0^^PL~681 -301 679 -301~#800000~1~0~none~rep45~0\",\"N~410~-430~0~#800000~SDA~rep47~left~410~-431.8~Times New Roman~6.5pt~0\",\"N~410~-420~0~#800000~SCL~rep48~left~410~-421.8~Times New Roman~6.5pt~0\",\"F~part_netLabel_bar~440~-500~0~rep51~~0^^440~-500^^VCC~#800000~440~-511.8~0~middle~1~Times New Roman~6.5pt~flag_gge19^^PL~440 -500 440 -510~#800000~1~0~none~rep49~0^^PL~435 -510 445 -510~#800000~1~0~none~rep50~0\",\"F~part_netLabel_power_ground~290~-500~0~rep57~~0^^290~-500^^GND~#800000~290~-521.8~0~middle~1~Times New Roman~6.5pt~flag_gge20^^PL~290 -500 290 -510~#800000~1~0~none~rep52~0^^PL~280 -510 300 -510~#800000~1~0~none~rep53~0^^PL~283 -513 297 -513~#800000~1~0~none~rep54~0^^PL~286 -516 294 -516~#800000~1~0~none~rep55~0^^PL~289 -519 291 -519~#800000~1~0~none~rep56~0\",\"F~part_netLabel_bar~290~-490~0~rep60~~0^^290~-490^^VCC~#800000~300~-487.3~0~start~1~Times New Roman~6.5pt~flag_gge21^^PL~290 -490 300 -490~#800000~1~0~none~rep58~0^^PL~300 -495 300 -485~#800000~1~0~none~rep59~0\",\"N~340~-480~0~#800000~SCL~rep61~left~340~-481.8~Times New Roman~6.5pt~0\",\"N~340~-470~0~#800000~INT~rep62~left~340~-471.8~Times New Roman~6.5pt~0\",\"N~340~-460~0~#800000~SDA~rep63~left~340~-461.8~Times New Roman~6.5pt~0\",\"O~290~-450~rep64~M 286 -446 L 294 -454 M 294 -446 L 286 -454~#FF0000~0\",\"O~290~-440~rep65~M 286 -436 L 294 -444 M 294 -436 L 286 -444~#FF0000~0\",\"O~290~-430~rep66~M 286 -426 L 294 -434 M 294 -426 L 286 -434~#FF0000~0\",\"N~410~-410~0~#800000~INT~rep67~left~410~-411.8~Times New Roman~6.5pt~0\",\"F~part_netLabel_power_ground~290~-360~0~rep73~~0^^290~-360^^GND~#800000~290~-381.8~0~middle~1~Times New Roman~6.5pt~flag_gge22^^PL~290 -360 290 -370~#800000~1~0~none~rep68~0^^PL~280 -370 300 -370~#800000~1~0~none~rep69~0^^PL~283 -373 297 -373~#800000~1~0~none~rep70~0^^PL~286 -376 294 -376~#800000~1~0~none~rep71~0^^PL~289 -379 291 -379~#800000~1~0~none~rep72~0\",\"F~part_netLabel_bar~290~-350~0~rep76~~0^^290~-350^^VCC~#800000~300~-347.3~0~start~1~Times New Roman~6.5pt~flag_gge23^^PL~290 -350 300 -350~#800000~1~0~none~rep74~0^^PL~300 -355 300 -345~#800000~1~0~none~rep75~0\",\"N~340~-340~0~#800000~SCL~rep77~left~340~-341.8~Times New Roman~6.5pt~0\",\"N~340~-330~0~#800000~INT~rep78~left~340~-331.8~Times New Roman~6.5pt~0\",\"N~340~-320~0~#800000~SDA~rep79~left~340~-321.8~Times New Roman~6.5pt~0\",\"O~290~-310~rep80~M 286 -306 L 294 -314 M 294 -306 L 286 -314~#FF0000~0\",\"O~290~-300~rep81~M 286 -296 L 294 -304 M 294 -296 L 286 -304~#FF0000~0\",\"O~290~-290~rep82~M 286 -286 L 294 -294 M 294 -286 L 286 -294~#FF0000~0\",\"F~part_netLabel_power_ground~770~-470~0~rep88~~0^^770~-470^^GND~#800000~770~-442.8~0~middle~1~Times New Roman~6.5pt~flag_gge24^^PL~770 -470 770 -460~#800000~1~0~none~rep83~0^^PL~780 -460 760 -460~#800000~1~0~none~rep84~0^^PL~777 -457 763 -457~#800000~1~0~none~rep85~0^^PL~774 -454 766 -454~#800000~1~0~none~rep86~0^^PL~771 -451 769 -451~#800000~1~0~none~rep87~0\",\"W~770 -360 770 -320~#000080~1~0~none~rep89~0\",\"W~290 -320 360 -320~#000080~1~0~none~rep90~0\",\"W~290 -330 360 -330~#000080~1~0~none~rep91~0\",\"W~290 -340 360 -340~#000080~1~0~none~rep92~0\",\"W~290 -460 360 -460~#000080~1~0~none~rep93~0\",\"W~290 -470 360 -470~#000080~1~0~none~rep94~0\",\"W~290 -480 360 -480~#000080~1~0~none~rep95~0\",\"W~400 -460 400 -410 500 -410~#000080~1~0~none~rep96~0\",\"W~440 -500 400 -500~#000080~1~0~none~rep97~0\",\"W~500 -420 440 -420 410 -420~#000080~1~0~none~rep98~0\",\"W~500 -430 480 -430 410 -430~#000080~1~0~none~rep99~0\",\"W~680 -430 680 -500 480 -500 440 -500~#000080~1~0~none~rep100~0\",\"W~450 -320 450 -390 500 -390~#000080~1~0~none~rep101~0\",\"W~450 -390 450 -400 500 -400~#000080~1~0~none~rep102~0\",\"W~650 -430 680 -430 680 -390 650 -390~#000080~1~0~none~rep103~0\",\"W~650 -400 720 -400 720 -390~#000080~1~0~none~rep104~0\",\"W~650 -420 770 -420 770 -390~#000080~1~0~none~rep105~0\",\"W~680 -500 710 -500~#000080~1~0~none~rep106~0\",\"W~740 -500 770 -500 770 -470~#000080~1~0~none~rep107~0\",\"W~440 -460 440 -420~#000080~1~0~none~rep108~0\",\"W~480 -460 480 -430~#000080~1~0~none~rep109~0\",\"W~680 -320 680 -360~#000080~1~0~none~rep110~0\",\"LIB~500~-440~package`AMG8853`Manufacturer_Name`Panasonic`Manufacturer_Part_Number`AMG8853`RS Part Number`1229752`RS Price/Stock`http://uk.rs-online.com/web/p/products/1229752`Arrow Part Number`AMG8853`Arrow Price/Stock`https://www.arrow.com/en/products/amg8853/panasonic`Datasheet Link`http://uk.rs-online.com/web/p/products/1229752`~~0~ggeef6194ca664dc41e~~~0~~yes~yes#@$T~N~520~-360~0~#000080~Times New Roman~6.5pt~5~~text-after-edge~comment~AMG8853~1~start~rep111~0~#@$T~P~520~-450~0~#000080~Times New Roman~6.5pt~5~~text-after-edge~comment~B1~1~start~rep112~0~#@$P~show~~1~500~-440~180~rep113~0^^500~-440^^M 500 -440 h 20~#000000^^1~528~-435.5~0~NC_1~start~Times New Roman~6.5pt~#000000^^1~515~-442~0~1~end~Times New Roman~6.5pt~#000000^^0~517~-440^^0~M 520 -437 L 523 -440 L 520 -443#@$P~show~~2~500~-430~180~rep114~0^^500~-430^^M 500 -430 h 20~#000000^^1~528~-425.5~0~SDA~start~Times New Roman~6.5pt~#000000^^1~515~-432~0~2~end~Times New Roman~6.5pt~#000000^^0~517~-430^^0~M 520 -427 L 523 -430 L 520 -433#@$P~show~~3~500~-420~180~rep115~0^^500~-420^^M 500 -420 h 20~#000000^^1~528~-415.5~0~SCL~start~Times New Roman~6.5pt~#000000^^1~515~-422~0~3~end~Times New Roman~6.5pt~#000000^^0~517~-420^^0~M 520 -417 L 523 -420 L 520 -423#@$P~show~~4~500~-410~180~rep116~0^^500~-410^^M 500 -410 h 20~#000000^^1~528~-405.5~0~INT~start~Times New Roman~6.5pt~#000000^^1~515~-412~0~4~end~Times New Roman~6.5pt~#000000^^0~517~-410^^0~M 520 -407 L 523 -410 L 520 -413#@$P~show~~5~500~-400~180~rep117~0^^500~-400^^M 500 -400 h 20~#000000^^1~528~-395.5~0~AD_SELECT~start~Times New Roman~6.5pt~#000000^^1~515~-402~0~5~end~Times New Roman~6.5pt~#000000^^0~517~-400^^0~M 520 -397 L 523 -400 L 520 -403#@$P~show~~6~500~-390~180~rep118~0^^500~-390^^M 500 -390 h 20~#000000^^1~528~-385.5~0~GND~start~Times New Roman~6.5pt~#000000^^1~515~-392~0~6~end~Times New Roman~6.5pt~#000000^^0~517~-390^^0~M 520 -387 L 523 -390 L 520 -393#@$P~show~~7~500~-380~180~rep119~0^^500~-380^^M 500 -380 h 20~#000000^^1~528~-375.5~0~NC_2~start~Times New Roman~6.5pt~#000000^^1~515~-382~0~7~end~Times New Roman~6.5pt~#000000^^0~517~-380^^0~M 520 -377 L 523 -380 L 520 -383#@$P~show~~8~650~-440~0~rep120~0^^650~-440^^M 650 -440 h -20~#000000^^1~622~-435.5~0~NC_3~end~Times New Roman~6.5pt~#000000^^1~635~-442~0~8~start~Times New Roman~6.5pt~#000000^^0~633~-440^^0~M 630 -443 L 627 -440 L 630 -437#@$P~show~~9~650~-430~0~rep121~0^^650~-430^^M 650 -430 h -20~#000000^^1~622~-425.5~0~VPP~end~Times New Roman~6.5pt~#000000^^1~635~-432~0~9~start~Times New Roman~6.5pt~#000000^^0~633~-430^^0~M 630 -433 L 627 -430 L 630 -427#@$P~show~~10~650~-420~0~rep122~0^^650~-420^^M 650 -420 h -20~#000000^^1~622~-415.5~0~DVDD-PC~end~Times New Roman~6.5pt~#000000^^1~635~-422~0~10~start~Times New Roman~6.5pt~#000000^^0~633~-420^^0~M 630 -423 L 627 -420 L 630 -417#@$P~show~~11~650~-410~0~rep123~0^^650~-410^^M 650 -410 h -20~#000000^^1~622~-405.5~0~NC_4~end~Times New Roman~6.5pt~#000000^^1~635~-412~0~11~start~Times New Roman~6.5pt~#000000^^0~633~-410^^0~M 630 -413 L 627 -410 L 630 -407#@$P~show~~12~650~-400~0~rep124~0^^650~-400^^M 650 -400 h -20~#000000^^1~622~-395.5~0~AVDD-PC~end~Times New Roman~6.5pt~#000000^^1~635~-402~0~12~start~Times New Roman~6.5pt~#000000^^0~633~-400^^0~M 630 -403 L 627 -400 L 630 -397#@$P~show~~13~650~-390~0~rep125~0^^650~-390^^M 650 -390 h -20~#000000^^1~622~-385.5~0~VDD~end~Times New Roman~6.5pt~#000000^^1~635~-392~0~13~start~Times New Roman~6.5pt~#000000^^0~633~-390^^0~M 630 -393 L 627 -390 L 630 -387#@$P~show~~14~650~-380~0~rep126~0^^650~-380^^M 650 -380 h -20~#000000^^1~622~-375.5~0~NC_5~end~Times New Roman~6.5pt~#000000^^1~635~-382~0~14~start~Times New Roman~6.5pt~#000000^^0~633~-380^^0~M 630 -383 L 627 -380 L 630 -377#@$R~520~-450~~~110~80~#800000~0.5~0~none~rep127~0~\",\"LIB~710~-370~package`C0805`Published`2014-11-17`PackageReference`C0805`Publisher`H. Schweden`PackageDescription`Chip Capacitor`Comment`C0805`~90~0~ggea2c5d49bc5dde298~c6cec1457086483faa823b3e8f9a7d61~~0~~yes~yes#@$T~N~729~-351~0~#000080~Times New Roman~6.5pt~5~~text-after-edge~comment~1u~1~start~rep129~0~#@$T~P~729~-371~0~#000080~Times New Roman~6.5pt~5~~text-after-edge~comment~C2~1~start~rep130~0~#@$T~L~729~-361~0~#000080~Times New Roman~6.5pt~5~~text-after-edge~comment~C0805~1~start~rep131~0~pinpart#@$P~show~~1~720~-360~270~rep132~0^^720~-360^^M 720 -360 v -10~#000000^^0~724.5~-378~270~1~start~Times New Roman~6.5pt~#000000^^0~718~-365~270~1~end~Times New Roman~6.5pt~#000000^^0~720~-367^^0~M 723 -370 L 720 -373 L 717 -370#@$P~show~~2~720~-390~90~rep133~0^^720~-390^^M 720 -390 v 10~#000000^^0~724.5~-372~270~2~end~Times New Roman~6.5pt~#000000^^0~718~-385~270~2~start~Times New Roman~6.5pt~#000000^^0~720~-383^^0~M 717 -380 L 720 -377 L 723 -380#@$PL~712 -377 728 -377~#0000FF~1~0~none~rep134~0#@$PL~728 -373 712 -373~#0000FF~1~0~none~rep135~0#@$PL~720 -370 720 -373~#0000FF~1~0~none~rep136~0#@$PL~720 -380 720 -377~#0000FF~1~0~none~rep137~0\",\"LIB~760~-370~package`C0805`Published`2014-11-17`PackageReference`C0805`Publisher`H. Schweden`PackageDescription`Chip Capacitor`Comment`C0805`~90~0~ggecc82bf2c2e22e605~c6cec1457086483faa823b3e8f9a7d61~~0~~yes~yes#@$T~N~779~-351~0~#000080~Times New Roman~6.5pt~5~~text-after-edge~comment~1.5u~1~start~rep139~0~#@$T~P~779~-371~0~#000080~Times New Roman~6.5pt~5~~text-after-edge~comment~C3~1~start~rep140~0~#@$T~L~779~-361~0~#000080~Times New Roman~6.5pt~5~~text-after-edge~comment~C0805~1~start~rep141~0~pinpart#@$P~show~~1~770~-360~270~rep142~0^^770~-360^^M 770 -360 v -10~#000000^^0~774.5~-378~270~1~start~Times New Roman~6.5pt~#000000^^0~768~-365~270~1~end~Times New Roman~6.5pt~#000000^^0~770~-367^^0~M 773 -370 L 770 -373 L 767 -370#@$P~show~~2~770~-390~90~rep143~0^^770~-390^^M 770 -390 v 10~#000000^^0~774.5~-372~270~2~end~Times New Roman~6.5pt~#000000^^0~768~-385~270~2~start~Times New Roman~6.5pt~#000000^^0~770~-383^^0~M 767 -380 L 770 -377 L 773 -380#@$PL~762 -377 778 -377~#0000FF~1~0~none~rep144~0#@$PL~778 -373 762 -373~#0000FF~1~0~none~rep145~0#@$PL~770 -370 770 -373~#0000FF~1~0~none~rep146~0#@$PL~770 -380 770 -377~#0000FF~1~0~none~rep147~0\",\"LIB~710~-330~package`R0805`LatestRevisionDate`2014-11-17`PackageReference`R0805`Publisher`H. Schweden`PackageDescription`SMD Resistor 0805, 150 mW, 70 V`Comment`R0805`~90~0~ggefdc86a4b576d9e98~85168fdd4fa34c8fad98e3739eca6ffc~~0~~yes~yes#@$T~N~724~-320~0~#000080~Times New Roman~6.5pt~5~~text-after-edge~comment~20~1~start~rep149~0~#@$T~P~724~-340~0~#000080~Times New Roman~6.5pt~5~~text-after-edge~comment~R4~1~start~rep150~0~#@$T~L~724~-330~0~#000080~Times New Roman~6.5pt~5~~text-after-edge~comment~R0805~1~start~rep151~0~pinpart#@$P~show~~2~720~-360~90~rep152~0^^720~-360^^M 720 -360 v 10~#000000^^0~724.5~-342~270~2~end~Times New Roman~6.5pt~#000000^^0~718~-355~270~2~start~Times New Roman~6.5pt~#000000^^0~720~-353^^0~M 717 -350 L 720 -347 L 723 -350#@$P~show~~1~720~-320~270~rep153~0^^720~-320^^M 720 -320 v -10~#000000^^0~724.5~-338~270~1~start~Times New Roman~6.5pt~#000000^^0~718~-325~270~1~end~Times New Roman~6.5pt~#000000^^0~720~-327^^0~M 723 -330 L 720 -333 L 717 -330#@$R~716~-350~~~8~20~#0000FF~1~0~none~rep154~0~\",\"LIB~670~-370~package`C0805`Published`2014-11-17`PackageReference`C0805`Publisher`H. Schweden`PackageDescription`Chip Capacitor`Comment`C0805`~90~0~ggeb4693cfd16d534cd~c6cec1457086483faa823b3e8f9a7d61~~0~~yes~yes#@$T~N~689~-351~0~#000080~Times New Roman~6.5pt~5~~text-after-edge~comment~1u~1~start~rep156~0~#@$T~P~689~-371~0~#000080~Times New Roman~6.5pt~5~~text-after-edge~comment~C1~1~start~rep157~0~#@$T~L~689~-361~0~#000080~Times New Roman~6.5pt~5~~text-after-edge~comment~C0805~1~start~rep158~0~pinpart#@$P~show~~1~680~-360~270~rep159~0^^680~-360^^M 680 -360 v -10~#000000^^0~684.5~-378~270~1~start~Times New Roman~6.5pt~#000000^^0~678~-365~270~1~end~Times New Roman~6.5pt~#000000^^0~680~-367^^0~M 683 -370 L 680 -373 L 677 -370#@$P~show~~2~680~-390~90~rep160~0^^680~-390^^M 680 -390 v 10~#000000^^0~684.5~-372~270~2~end~Times New Roman~6.5pt~#000000^^0~678~-385~270~2~start~Times New Roman~6.5pt~#000000^^0~680~-383^^0~M 677 -380 L 680 -377 L 683 -380#@$PL~672 -377 688 -377~#0000FF~1~0~none~rep161~0#@$PL~688 -373 672 -373~#0000FF~1~0~none~rep162~0#@$PL~680 -370 680 -373~#0000FF~1~0~none~rep163~0#@$PL~680 -380 680 -377~#0000FF~1~0~none~rep164~0\",\"LIB~270~-510~package`61300811121`PublishedDate`July 2016`Publisher`Wurth Elektronik`ComponentLink1Description`Manufacturer`ComponentLink1URL`http://www.we-online.de`ComponentLink2Description`Datasheet`ComponentLink2URL`http://katalog.we-online.de/em/datasheet/6130xx11121.pdf`PartNumber`61300811121`PinNumber`08p`~~0~gge51bfc0e5166a1c40~~~0~~yes~yes#@$T~N~240~-400~0~#000080~Times New Roman~6.5pt~5~~text-after-edge~comment~61300811121~1~start~rep166~0~#@$T~P~240~-410~0~#000080~Times New Roman~6.5pt~5~~text-after-edge~comment~J1~1~start~rep167~0~#@$R~240~-510~~~30~90~#800000~0.5~0~#FFFFB0~rep168~0~#@$P~show~~1~290~-500~0~rep169~0^^290~-500^^M 290 -500 h -20~#000000^^1~262~-495.5~0~1~end~Times New Roman~6.5pt~#000000^^0~275~-502~0~1~start~Times New Roman~6.5pt~#000000^^0~273~-500^^0~M 270 -503 L 267 -500 L 270 -497#@$P~show~~2~290~-490~0~rep170~0^^290~-490^^M 290 -490 h -20~#000000^^1~262~-485.5~0~2~end~Times New Roman~6.5pt~#000000^^0~275~-492~0~2~start~Times New Roman~6.5pt~#000000^^0~273~-490^^0~M 270 -493 L 267 -490 L 270 -487#@$P~show~~3~290~-480~0~rep171~0^^290~-480^^M 290 -480 h -20~#000000^^1~262~-475.5~0~3~end~Times New Roman~6.5pt~#000000^^0~275~-482~0~3~start~Times New Roman~6.5pt~#000000^^0~273~-480^^0~M 270 -483 L 267 -480 L 270 -477#@$P~show~~4~290~-470~0~rep172~0^^290~-470^^M 290 -470 h -20~#000000^^1~262~-465.5~0~4~end~Times New Roman~6.5pt~#000000^^0~275~-472~0~4~start~Times New Roman~6.5pt~#000000^^0~273~-470^^0~M 270 -473 L 267 -470 L 270 -467#@$P~show~~5~290~-460~0~rep173~0^^290~-460^^M 290 -460 h -20~#000000^^1~262~-455.5~0~5~end~Times New Roman~6.5pt~#000000^^0~275~-462~0~5~start~Times New Roman~6.5pt~#000000^^0~273~-460^^0~M 270 -463 L 267 -460 L 270 -457#@$P~show~~6~290~-450~0~rep174~0^^290~-450^^M 290 -450 h -20~#000000^^1~262~-445.5~0~6~end~Times New Roman~6.5pt~#000000^^0~275~-452~0~6~start~Times New Roman~6.5pt~#000000^^0~273~-450^^0~M 270 -453 L 267 -450 L 270 -447#@$P~show~~7~290~-440~0~rep175~0^^290~-440^^M 290 -440 h -20~#000000^^1~262~-435.5~0~7~end~Times New Roman~6.5pt~#000000^^0~275~-442~0~7~start~Times New Roman~6.5pt~#000000^^0~273~-440^^0~M 270 -443 L 267 -440 L 270 -437#@$P~show~~8~290~-430~0~rep176~0^^290~-430^^M 290 -430 h -20~#000000^^1~262~-425.5~0~8~end~Times New Roman~6.5pt~#000000^^0~275~-432~0~8~start~Times New Roman~6.5pt~#000000^^0~273~-430^^0~M 270 -433 L 267 -430 L 270 -427\",\"LIB~470~-470~package`R0805`LatestRevisionDate`2014-11-17`PackageReference`R0805`Publisher`H. Schweden`PackageDescription`SMD Resistor 0805, 150 mW, 70 V`Comment`R0805`~90~0~ggefe89d0632cfce75f~85168fdd4fa34c8fad98e3739eca6ffc~~0~~yes~yes#@$T~N~484~-460~0~#000080~Times New Roman~6.5pt~5~~text-after-edge~comment~3k3~1~start~rep178~0~#@$T~P~484~-480~0~#000080~Times New Roman~6.5pt~5~~text-after-edge~comment~R3~1~start~rep179~0~#@$T~L~484~-470~0~#000080~Times New Roman~6.5pt~5~~text-after-edge~comment~R0805~1~start~rep180~0~pinpart#@$P~show~~2~480~-500~90~rep181~0^^480~-500^^M 480 -500 v 10~#000000^^0~484.5~-482~270~2~end~Times New Roman~6.5pt~#000000^^0~478~-495~270~2~start~Times New Roman~6.5pt~#000000^^0~480~-493^^0~M 477 -490 L 480 -487 L 483 -490#@$P~show~~1~480~-460~270~rep182~0^^480~-460^^M 480 -460 v -10~#000000^^0~484.5~-478~270~1~start~Times New Roman~6.5pt~#000000^^0~478~-465~270~1~end~Times New Roman~6.5pt~#000000^^0~480~-467^^0~M 483 -470 L 480 -473 L 477 -470#@$R~476~-490~~~8~20~#0000FF~1~0~none~rep183~0~\",\"LIB~430~-470~package`R0805`LatestRevisionDate`2014-11-17`PackageReference`R0805`Publisher`H. Schweden`PackageDescription`SMD Resistor 0805, 150 mW, 70 V`Comment`R0805`~90~0~gge6f63fc6711cfa315~85168fdd4fa34c8fad98e3739eca6ffc~~0~~yes~yes#@$T~N~444~-460~0~#000080~Times New Roman~6.5pt~5~~text-after-edge~comment~3k3~1~start~rep185~0~#@$T~P~444~-480~0~#000080~Times New Roman~6.5pt~5~~text-after-edge~comment~R2~1~start~rep186~0~#@$T~L~444~-470~0~#000080~Times New Roman~6.5pt~5~~text-after-edge~comment~R0805~1~start~rep187~0~pinpart#@$P~show~~2~440~-500~90~rep188~0^^440~-500^^M 440 -500 v 10~#000000^^0~444.5~-482~270~2~end~Times New Roman~6.5pt~#000000^^0~438~-495~270~2~start~Times New Roman~6.5pt~#000000^^0~440~-493^^0~M 437 -490 L 440 -487 L 443 -490#@$P~show~~1~440~-460~270~rep189~0^^440~-460^^M 440 -460 v -10~#000000^^0~444.5~-478~270~1~start~Times New Roman~6.5pt~#000000^^0~438~-465~270~1~end~Times New Roman~6.5pt~#000000^^0~440~-467^^0~M 443 -470 L 440 -473 L 437 -470#@$R~436~-490~~~8~20~#0000FF~1~0~none~rep190~0~\",\"LIB~390~-470~package`R0805`LatestRevisionDate`2014-11-17`PackageReference`R0805`Publisher`H. Schweden`PackageDescription`SMD Resistor 0805, 150 mW, 70 V`Comment`R0805`~90~0~gge353b166cc2dee846~85168fdd4fa34c8fad98e3739eca6ffc~~0~~yes~yes#@$T~N~404~-460~0~#000080~Times New Roman~6.5pt~5~~text-after-edge~comment~3k3~1~start~rep192~0~#@$T~P~404~-480~0~#000080~Times New Roman~6.5pt~5~~text-after-edge~comment~R1~1~start~rep193~0~#@$T~L~404~-470~0~#000080~Times New Roman~6.5pt~5~~text-after-edge~comment~R0805~1~start~rep194~0~pinpart#@$P~show~~2~400~-500~90~rep195~0^^400~-500^^M 400 -500 v 10~#000000^^0~404.5~-482~270~2~end~Times New Roman~6.5pt~#000000^^0~398~-495~270~2~start~Times New Roman~6.5pt~#000000^^0~400~-493^^0~M 397 -490 L 400 -487 L 403 -490#@$P~show~~1~400~-460~270~rep196~0^^400~-460^^M 400 -460 v -10~#000000^^0~404.5~-478~270~1~start~Times New Roman~6.5pt~#000000^^0~398~-465~270~1~end~Times New Roman~6.5pt~#000000^^0~400~-467^^0~M 403 -470 L 400 -473 L 397 -470#@$R~396~-490~~~8~20~#0000FF~1~0~none~rep197~0~\",\"LIB~270~-370~package`61300811021`PublishedDate`July 2016`Publisher`Wurth Elektronik`ComponentLink1Description`Manufacturer`ComponentLink1URL`http://www.we-online.de`ComponentLink2Description`Datasheet`ComponentLink2URL`http://katalog.we-online.de/em/datasheet/6130xx11021.pdf`PartNumber`61300811021`PinNumber`08p`~~0~gge1fb9863844ab5169~~~0~~yes~yes#@$T~N~240~-260~0~#000080~Times New Roman~6.5pt~5~~text-after-edge~comment~61300811021~1~start~rep199~0~#@$T~P~240~-270~0~#000080~Times New Roman~6.5pt~5~~text-after-edge~comment~J2~1~start~rep200~0~#@$R~240~-370~~~30~90~#800000~0.5~0~#FFFFB0~rep201~0~#@$P~show~~1~290~-360~0~rep202~0^^290~-360^^M 290 -360 h -20~#000000^^1~262~-355.5~0~1~end~Times New Roman~6.5pt~#000000^^0~275~-362~0~1~start~Times New Roman~6.5pt~#000000^^0~273~-360^^0~M 270 -363 L 267 -360 L 270 -357#@$P~show~~2~290~-350~0~rep203~0^^290~-350^^M 290 -350 h -20~#000000^^1~262~-345.5~0~2~end~Times New Roman~6.5pt~#000000^^0~275~-352~0~2~start~Times New Roman~6.5pt~#000000^^0~273~-350^^0~M 270 -353 L 267 -350 L 270 -347#@$P~show~~3~290~-340~0~rep204~0^^290~-340^^M 290 -340 h -20~#000000^^1~262~-335.5~0~3~end~Times New Roman~6.5pt~#000000^^0~275~-342~0~3~start~Times New Roman~6.5pt~#000000^^0~273~-340^^0~M 270 -343 L 267 -340 L 270 -337#@$P~show~~4~290~-330~0~rep205~0^^290~-330^^M 290 -330 h -20~#000000^^1~262~-325.5~0~4~end~Times New Roman~6.5pt~#000000^^0~275~-332~0~4~start~Times New Roman~6.5pt~#000000^^0~273~-330^^0~M 270 -333 L 267 -330 L 270 -327#@$P~show~~5~290~-320~0~rep206~0^^290~-320^^M 290 -320 h -20~#000000^^1~262~-315.5~0~5~end~Times New Roman~6.5pt~#000000^^0~275~-322~0~5~start~Times New Roman~6.5pt~#000000^^0~273~-320^^0~M 270 -323 L 267 -320 L 270 -317#@$P~show~~6~290~-310~0~rep207~0^^290~-310^^M 290 -310 h -20~#000000^^1~262~-305.5~0~6~end~Times New Roman~6.5pt~#000000^^0~275~-312~0~6~start~Times New Roman~6.5pt~#000000^^0~273~-310^^0~M 270 -313 L 267 -310 L 270 -307#@$P~show~~7~290~-300~0~rep208~0^^290~-300^^M 290 -300 h -20~#000000^^1~262~-295.5~0~7~end~Times New Roman~6.5pt~#000000^^0~275~-302~0~7~start~Times New Roman~6.5pt~#000000^^0~273~-300^^0~M 270 -303 L 267 -300 L 270 -297#@$P~show~~8~290~-290~0~rep209~0^^290~-290^^M 290 -290 h -20~#000000^^1~262~-285.5~0~8~end~Times New Roman~6.5pt~#000000^^0~275~-292~0~8~start~Times New Roman~6.5pt~#000000^^0~273~-290^^0~M 270 -293 L 267 -290 L 270 -287\",\"LIB~730~-490~package`C0805`Published`2014-11-17`PackageReference`C0805`Publisher`H. Schweden`PackageDescription`Chip Capacitor`Comment`C0805`~180~0~gge3a68d3ddabf48558~c6cec1457086483faa823b3e8f9a7d61~~0~~yes~yes#@$T~N~719~-471~0~#000080~Times New Roman~6.5pt~5~~text-after-edge~comment~1u~1~start~rep211~0~#@$T~P~719~-509~0~#000080~Times New Roman~6.5pt~5~~text-after-edge~comment~C4~1~start~rep212~0~#@$T~L~719~-481~0~#000080~Times New Roman~6.5pt~5~~text-after-edge~comment~C0805~1~start~rep213~0~pinpart#@$P~show~~1~740~-500~0~rep214~0^^740~-500^^M 740 -500 h -10~#000000^^0~722~-495.5~0~1~end~Times New Roman~6.5pt~#000000^^0~735~-502~0~1~start~Times New Roman~6.5pt~#000000^^0~733~-500^^0~M 730 -503 L 727 -500 L 730 -497#@$P~show~~2~710~-500~180~rep215~0^^710~-500^^M 710 -500 h 10~#000000^^0~728~-495.5~0~2~start~Times New Roman~6.5pt~#000000^^0~715~-502~0~2~end~Times New Roman~6.5pt~#000000^^0~717~-500^^0~M 720 -497 L 723 -500 L 720 -503#@$PL~723 -492 723 -508~#0000FF~1~0~none~rep216~0#@$PL~727 -508 727 -492~#0000FF~1~0~none~rep217~0#@$PL~730 -500 727 -500~#0000FF~1~0~none~rep218~0#@$PL~720 -500 723 -500~#0000FF~1~0~none~rep219~0\",\"J~440~-420~2~#800000~rep221~0\",\"J~440~-500~2~#800000~rep222~0\",\"J~450~-390~2~#800000~rep223~0\",\"J~480~-430~2~#800000~rep224~0\",\"J~480~-500~2~#800000~rep225~0\",\"J~680~-390~2~#800000~rep226~0\",\"J~680~-430~2~#800000~rep227~0\",\"J~680~-500~2~#800000~rep228~0\"],\"BBox\":{\"x\":239,\"y\":-529.8,\"width\":891,\"height\":509.8},\"colors\":{}}"
    }
  ]
}